/youtube	/youtube.html
/twitch		/twitch.html
/blog		/blog.html
/projetos	/projetos.html
/mastodon	/mastodon.html
/pixelfed	/pixelfed.html
/github		/github.html
/codeberg	/codeberg.html
/dotfiles	/dotfiles.html
